[
  {
    "product_id": "P001",
    "cover": "P001_cover.png",
    "title": "上班族的救星！129元云朵枕头让我一夜好眠",
    "content": "宝子们，我终于找到救赎了！这款云朵感记忆棉枕头，真的是被天使吻过的枕头！ 💤\n\n记忆棉材质，慢回弹，躺上去就像掉进云朵里，那种温柔的包裹感，太治愈了！而且它的人体工学曲线设计，完美贴合颈部，睡觉时感觉颈椎被小心翼翼地呵护着呢。 🛌✨\n\n透气网眼面料，夏天用也不闷热，可拆洗设计更是加分项，清洁起来超方便！用了它之后，我再也没被颈椎痛折磨醒过，睡眠质量直线上升！ 💯\n\n家人们，如果你也在为睡眠和颈椎问题烦恼，真的别犹豫，这款枕头闭眼入不踩雷！ 💖",
    "tags": [
      "#记忆棉枕头",
      "#护颈枕推荐",
      "#改善睡眠",
      "#家居好物",
      "#颈椎救星"
    ]
  },
  {
    "product_id": "P002",
    "cover": "P002_cover.png",
    "title": "运动也能闪闪发光？这条瑜伽裤太绝了！",
    "content": "宝子们发现没！现在运动服饰都卷出花了😭我刚入手的这款仙女闪片瑜伽裤，真的让我惊掉下巴！\n\n高腰提臀设计，直接把我的身材比例拉到2米！侧面的闪片条纹，在阳光下blingbling的，出街直接变身焦点女王✨\n\n重点是它的面料，裸感超舒服，弹性大到我做瑜伽各种高难度动作都不带卡的，完全无束缚！💰才189元，性价比爆棚！\n\n姐妹们，运动也要美美的！这条瑜伽裤拍照绝绝子，分分钟出大片，快冲鸭！！#运动也要美美哒 💃",
    "tags": [
      "#仙女瑜伽裤",
      "#闪片运动裤",
      "#运动穿搭"
    ]
  },
  {
    "product_id": "P003",
    "cover": "P003_cover.png",
    "title": "5%玻色因！28-45岁抗老救星？效果数据公开！",
    "content": "姐妹们，今天必须给大家测评一款抗老神器——玻色因抗老精华霜！💰359元的价格，真的性价比超高！\n\n🌟【核心成分】\n这款精华霜的玻色因浓度高达5%，是目前市面上比较少见的高浓度配方。玻色因可是抗老界的明星成分，能有效刺激胶原蛋白生成，淡化细纹。\n\n🔥【使用感受】\n肤感真的绝了！清爽不黏腻，吸收超快，特别适合油皮姐妹。我用了两周，法令纹和眼角细纹都有明显改善，皮肤紧致度测试报告显示数据提升非常明显！\n\n🎯【适合人群】\n28-45岁的精致女性，尤其是有初抗老需求的姐妹，还有成分党们绝对不能错过！\n\n📊【数据说话】\n品牌方还附带了皮肤紧致度测试报告，用数据证明了它的抗老效果。法令纹平均淡化17%，眼角细纹改善23%，这些都是实打实的效果！\n\n💕【总结】\n作为一款初抗老产品，它的性价比真的没得说。高浓度玻色因+清爽肤感+实打实的数据支撑，我觉得完全值得投资！姐妹们快冲！",
    "tags": [
      "#玻色因抗老",
      "#初抗老必备",
      "#油皮友好",
      "#数据说话",
      "#法令纹克星"
    ]
  },
  {
    "product_id": "P005",
    "cover": "P005_cover.png",
    "title": "天呐！这件羊绒开衫也太高级了吧！",
    "content": "家人们，今天必须给大家安利这件绝绝子的羊绒针织开衫！\n\n100%纯山羊绒面料，摸起来柔软得像云朵，这个质感真的太爱了☁️\n\n极简无logo设计，中性高级灰配色，穿上就是行走的气质本体～\n\n手工缝制的纽扣太有细节了，每一针都透着匠心，这哪里是衣服，简直是艺术品啊！\n\n这个价位能买到这种品质，真的闭眼入不踩雷！而且它还是那种怎么穿都不会过时的款式，一件穿十年绝对没问题，年年都能搭配出新花样。\n\n对于追求质感又不想显得张扬的姐妹来说，这真的太合适了，出门随手一披，高级感就出来了！",
    "tags": [
      "#羊绒开衫",
      "#高级感穿搭",
      "#极简主义",
      "#中年女性穿搭",
      "#品质生活"
    ]
  },
  {
    "product_id": "P006",
    "cover": "P006_cover.png",
    "title": "孩子画画神器！299元解放妈妈双手🎨",
    "content": "宝子们，今天必须给大家安利一款儿童智能绘画板！真的太实用啦～\n\n👧我家小朋友自从有了它，每天画画停不下来！无蓝光设计，再也不用担心娃盯着屏幕伤眼睛😭。一键清屏超方便，无限次使用，再也不用满屋找画纸啦！\n\n🎨附带的形状认知模板超赞，帮助孩子认识各种图形，还能激发创造力。轻便防摔，随时随地都能画画，出行必备！\n\n👍关键是解放了妈妈，不用再清理满地画纸和墙面涂鸦，省心又省力～\n\n#儿童绘画板 #宝宝启蒙 #解放妈妈 #无蓝光护眼 #亲子互动",
    "tags": [
      "儿童绘画板",
      "宝宝启蒙",
      "解放妈妈",
      "无蓝光护眼",
      "亲子互动"
    ]
  }
]